{
  "appid": "",
  "appsecret": "",
  "webhook_key": "",
  "server_port": 2674,
  "spaceid": "",
  "log_level": "debug",
  "logfile": "logs/travis.log",
  "debug": "yes",
  "timezone": "America/Chicago",
  "name": "travis",
  "std_color": "#016F4A",
  "err_color": "#FF0000",
  "news": {
    "enabled": "True",
    "hourly_url": {
      "name": "the BBC",
      "url": "http://feeds.bbci.co.uk/news/world/rss.xml?edition=uk"
    },
    "monitoring_urls": [
      {
        "name": "the BBC",
        "url": "http://feeds.bbci.co.uk/news/world/rss.xml?edition=uk"
      },
      {
        "name": "the New York Times Technology desk",
        "url": "http://rss.nytimes.com/services/xml/rss/nyt/Technology.xml"
      },
      {
        "name": "the New York Times Global desk",
        "url": "http://rss.nytimes.com/services/xml/rss/nyt/World.xml"
      },
      {
        "name": "the Washington Post",
        "url": "http://feeds.washingtonpost.com/rss/politics"
      },
      {
        "name": "the BBC Technology desk",
        "url": "http://feeds.bbci.co.uk/news/technology/rss.xml?edition=uk"
      },
      {
        "name": "IBM",
        "url": "https://www-03.ibm.com/press/us/en/rssfeed.wss?keyword=null&maxFeed=&feedType=RSS&topic=all"
      }
    ],
    "keywords": [
      "trump",
      "ibm"
    ],
    "periodic": "yes",
    "watch": "yes",
    "interval": 5,
    "periodic_interval": 60,
    "quantity": 5,
    "color": "#00ECFF",
    "monitor_conversation": "yes",
    "keyword_quantity": 3
  },
  "weather": {
    "alerts": "yes",
    "weather_underground_token": "",
    "weather_refresh_seconds": 30,
    "default_zipcode": "78641",
    "color": "#334d4d"
  },
  "xkcd": {
    "color": "#000000"
  },
  "behavior": {
    "insult_threshold": 0
  },
  "google": {
    "google_api_key": "",
    "google_engine_id": "",
    "quantity": 3
  },
  "performance": {
    "response_lag": 2
  }
}
